Nombre;Referencia;Categoría;Descripción;Marca
ACEITE MULTIUSOS 30 ML TRUPER;28;LUBRICANTES;16711;TRUPER 16711
ACEITE MULTIUSOS 90 ML TRUPER;29;LUBRICANTES;16712;TRUPER 16712
"BROCA HSS ACERO RAPIDO 3/16"" TRUPER";342;PINTURAS Y DISOLVENTES;11126;TRUPER 11126
CINTA EMPAQUE TRANSPARENTE 150 MT TRUPER;695;PEGANTES;12557;TRUPER 12557
"DISCO DESBASTE METAL 41/2"" X 1/4"" X 7/8"" TRUPER";929;ABRASIVOS Y CONSUMIBLES;12565;TRUPER 12565
"GRATA COPA ALAMBRE ONDULADO 4""X 5/8 TRUPER";1262;HERRAMIENTA MANUAL;11529;TRUPER 11529
"LLANA LISA MANGO PLASTICO 1 1X 5"" TRUPER";1461;HERRAMIENTA MANUAL;15412;TRUPER 15412
PISTOLA CALEFATEO ESQUELETO REF TRUPER;1847;HERRAMIENTA MANUAL;17558;TRUPER 17558
"REMACHADORA PROFESIONAL 10"" TRUPER";2005;HERRAMIENTA MANUAL;17960;TRUPER 17960
"SOLDADURA ELECTRICA 6013 1/8"" 1K TRUPER";2248;ABRASIVOS Y CONSUMIBLES;14361;TRUPER 14361
"SOLDADURA ELECTRICA 6013 3/32"" 1K 50V TRUPER";2251;ABRASIVOS Y CONSUMIBLES;14360;TRUPER 14360
TAPON OIDO REUTILIZABLE TRIPLE BARRERA TRUPER;2380;DOTACION INDUSTRIAL;14225;TRUPER 14225
TESTER CON CAIMAN TIPO ESFERO TRUPER;2446;ELECTRICOS;13987Ideal para mediciï¿½n de corriente directa en baterï¿½as y circuitos de 12 V.Punta de acero.Mango de plï¿½stico transparente aislado para mayor seguridad con indicador de luz.Clip tipo pluma para portar en el bolsillo.Cable con caimï¿½n para tierra.;TRUPER 13987 12
ACOPLE RACOR RAPIDO GRIFO-MANGUERA TRUPER;47;GRIFERIA;12724;TRUPER 12724
"ACOPLE YEE DE ALUMINIO ENTRADA 3/4"" TRUPER";52;GRIFERIA;10372;TRUPER 10372
"ALICATE SACABOCADO 9"" TRUPER";103;HERRAMIENTA MANUAL;17340;TRUPER 17340
BARRA AGRICOLA 1-1/8 1200mm x 102mm TRUPER;3549;HERRAMIENTA MANUAL;19985;TRUPER 19985
"BISTURI 6"" CON GRIP TRUPER";258;HERRAMIENTA MANUAL;16977;TRUPER 16977
BORNES DE PLOMO PARA BATERIA 2 PIEZAS TRUPER;3551;HERRAMIENTA ELECTRICA;23041;TRUPER 23041
"BROCA CONCRETO 1/2 X 12"" TRUPER";3272;ABRASIVOS Y CONSUMIBLES;11233;TRUPER 11233
"BROCA CONCRETO 1/4 X 12"" TRUPER";3270;ABRASIVOS Y CONSUMIBLES;11209;TRUPER 11209
"BROCA CONCRETO 1/4 X 4"" TRUPER";350;ABRASIVOS Y CONSUMIBLES;11203;TRUPER 11203
"BROCA CONCRETO 3/16 X 4"" TRUPER";351;ABRASIVOS Y CONSUMIBLES;11200;TRUPER 11200
"BROCA CONCRETO 3/8 x 5"" TRUPER";352;ABRASIVOS Y CONSUMIBLES;11221;TRUPER 11221
"BROCA CONCRETO 5/16 X 12"" TRUPER";3271;ABRASIVOS Y CONSUMIBLES;11218;TRUPER 11218
"BROCA CONCRETO 5/16 X 4"" TRUPER";353;ABRASIVOS Y CONSUMIBLES;11212;TRUPER 11212
"BROCA CONCRETO SDS RANURADA 1/2 X 6"" TRUPER";3276;ABRASIVOS Y CONSUMIBLES;11279;TRUPER 11279
"BROCA CONCRETO SDS RANURADA 1/4 X 6"" TRUPER";3273;ABRASIVOS Y CONSUMIBLES;11264;TRUPER 11264
"BROCA CONCRETO SDS RANURADA 3/8 X 6"" TRUPER";3275;ABRASIVOS Y CONSUMIBLES;11272;TRUPER 11272
"BROCA CONCRETO SDS RANURADA 3/8"" X 12"" TRUPER";3332;TUBERIAS Y ACCESORIOS;11275;TRUPER 11275
"BROCA CONCRETO SDS RANURADA 5/16 X 6"" TRUPER";3274;ABRASIVOS Y CONSUMIBLES;11269;TRUPER 11269
"BROCA ESPADA PARA MADERA 1"" TRUPER";321;ABRASIVOS Y CONSUMIBLES;11384;TRUPER 11384
"BROCA ESPADA PARA MADERA 1/2"" TRUPER";322;ABRASIVOS Y CONSUMIBLES;11372;TRUPER 11372
"BROCA ESPADA PARA MADERA 3/4"" TRUPER";323;ABRASIVOS Y CONSUMIBLES;11378;TRUPER 11378
"BROCA ESPADA PARA MADERA 3/8"" TRUPER";324;ABRASIVOS Y CONSUMIBLES;11366;TRUPER 11366
"BROCA HSS ACERO RAPIDO 1/4"" TRUPER";339;ABRASIVOS Y CONSUMIBLES;11134;TRUPER 11134
"BROCA HSS ACERO RAPIDO 1/8"" TRUPER";340;ABRASIVOS Y CONSUMIBLES;11118;TRUPER 11118
"BROCA HSS ACERO RAPIDO 5/8"" TRUPER";343;ABRASIVOS Y CONSUMIBLES;11170;TRUPER 11170
"BROCA HSS ACERO RAPIDO 9/16"" TRUPER";344;ABRASIVOS Y CONSUMIBLES;11168;TRUPER 11168
"BROCHA MANGO PLASTICO 1"" TRUPER";358;PINTURAS Y DISOLVENTES;14481;TRUPER 14481
"BROCHA MANGO PLASTICO 1/2"" TRUPER";359;PINTURAS Y DISOLVENTES;14480;TRUPER 14480
"BROCHA MANGO PLASTICO 11/2"" TRUPER";360;PINTURAS Y DISOLVENTES;14482;TRUPER 14482
"BROCHA MANGO PLASTICO 2"" TRUPER";361;PINTURAS Y DISOLVENTES;14483;TRUPER 14483
"BROCHA MANGO PLASTICO 21/2"" TRUPER";362;PINTURAS Y DISOLVENTES;14484;TRUPER 14484
"BROCHA MANGO PLASTICO 3"" TRUPER";354;PINTURAS Y DISOLVENTES;14485;TRUPER 14485
CABLES PARA INICIAR 3 MT 8 AWG TRUPER;426;ELECTRICOS;17543  Cable de aluminio revestido de cobre.Mayor flexibilidad para fï¿½cil manejo, no se enredan.Pinzas con pintura electrostï¿½tica y mordazas de acero recubiertas de cobre.Funda para fï¿½cil transporte y almacenamiento.;TRUPER 17543
CABLES PARA INICIAR 3.5 MT 6 AWG TRUPER;427;ELECTRICOS;17544  Cable extra largo de aluminio revestido de cobre.Mayor flexibilidad para fï¿½cil manejo, no se enredan.Pinzas con pintura electrostï¿½tica y mordazas de acero recubiertas de cobre.Funda para fï¿½cil transporte y almacenamiento.;TRUPER 17544
CADENA PLASTICO 8MM AMARILLA 1MT TRUPER;432;SOGAS Y CADENAS;44182;TRUPER 44182
CALIBRADOR CABEZA DOBLE 200 LBS TRUPER;3009;HERRAMIENTA MANUAL;18244;TRUPER 18244
CEPILLO GRATA ACERO AL CARBONO 51 TRUPER;562;HERRAMIENTA MANUAL;11553;TRUPER 11553
CEPILLO GRATA ACERO AL CARBONO 64 TRUPER;563;HERRAMIENTA MANUAL;11559;TRUPER 11559
CEPILLO GRATA CURVO ONDULADO TRUPER;564;HERRAMIENTA MANUAL;11540;TRUPER 11540
CEPILLO PARA PINTOR SEMI-RIGIDO CERDA TRUPER;3542;HERRAMIENTA MANUAL;14497;TRUPER 14497
CHAROLA DE PLASTICO PARA RODILLO TRUPER;591;PINTURAS Y DISOLVENTES;19211;TRUPER 19211
"CINCEL DE CORTE FRIO 1/2 X 10"" TRUPER";665;HERRAMIENTA MANUAL;12121;TRUPER 12121
"CINCEL DE CORTE FRIO 1/2 x 6"" TRUPER";666;HERRAMIENTA MANUAL;12115;TRUPER 12115
"CINCEL DE CORTE FRIO 3/4 X 10"" CON GRIP TRUPER";667;HERRAMIENTA MANUAL;12275;TRUPER 12275
"CINCEL DE CORTE FRIO 3/8 X 10"" TRUPER";668;HERRAMIENTA MANUAL;12112;TRUPER 12112
"CINCEL DE CORTE FRIO 3/8 X 6"" TRUPER";669;HERRAMIENTA MANUAL;12106;TRUPER 12106
"CINCEL DE CORTE FRIO 5/8 x 8"" TRUPER";670;HERRAMIENTA MANUAL;12130;TRUPER 12130
CINTA AISLANTE 9 MT BLANCO TRUPER;682;PEGANTES;13515;TRUPER 13515
CINTA AISLANTE 9 MT VERDE TRUPER;683;PEGANTES;13511;TRUPER 13511
CINTA AISLANTE 9 MT AMARILLA TRUPER;689;PEGANTES;13512;TRUPER 13512
CINTA AISLANTE 9 MT AZUL TRUPER;684;PEGANTES;13514;TRUPER 13514
CINTA DE AISLAR 9 MT BLANCO TRUPER;685;PEGANTES;13515;TRUPER 13515
CINTA AISLANTE 9 MT NEGRA TRUPER;686;PEGANTES;12501;TRUPER 12501
CINTA AISLANTE 9 MT ROJA TRUPER;687;PEGANTES;13513;TRUPER 13513
CINTA DE AISLAR 9 MT VERDE TRUPER;688;PEGANTES;13511;TRUPER 13511
CINTA EMPAQUE TRANSPARENTE 40 MT TRUPER;3357;PEGANTES;12551;TRUPER 12551
CINTA EMPAQUE TRANSPARENTE 50 MT TRUPER;699;PEGANTES;12555;TRUPER 12555
CINTA METRICA FIBRA DE VIDRIO 20 M TRUPER;710;HERRAMIENTA MANUAL;12638;TRUPER 12638
"CINTA TEFLON 1"" 13 MT TRUPER";725;PEGANTES;12514;TRUPER 12514
"CINTA TEFLON 1/2"" 13 MT TRUPER";726;PEGANTES;12512;TRUPER 12512
"CINTA TEFLON 3/4"" 13 MT TRUPER";727;PEGANTES;12513;TRUPER 12513
CINTA TEFLON INDUSTRIAL SEAL PROFESIONAL TRUPER;3358;TUBERIAS Y ACCESORIOS;12516;TRUPER 12516
COPA MANDO 1/2 6 PUNTAS 26MM TRUPER;816;HERRAMIENTA MANUAL;13524;TRUPER 13524
COPA MANDO 1/2 6 PUNTAS 11 MM TRUPER;817;HERRAMIENTA MANUAL;13261;TRUPER 13261
COPA MANDO 1/2 6 PUNTAS 12 MM TRUPER;818;HERRAMIENTA MANUAL;13262;TRUPER 13262
COPA MANDO 1/2 6 PUNTAS 13 MM TRUPER;819;HERRAMIENTA MANUAL;13263;TRUPER 13263
COPA MANDO 1/2 6 PUNTAS 17 MM TRUPER;820;HERRAMIENTA MANUAL;13267;TRUPER 13267
COPA MANDO 1/2 6 PUNTAS 18 MM TRUPER;821;HERRAMIENTA MANUAL;13268;TRUPER 13268
COPA MANDO 1/2 6 PUNTAS 27 MM TRUPER;822;HERRAMIENTA MANUAL;101007;TRUPER 101007
"COPA LARGA MANDO 3/8 6 PUNTAS 13/16"" PARA BUJIAS TRUPER";824;HERRAMIENTA MANUAL;13657;TRUPER 13657
COPA MANDO 1/2 6 PUNTAS 14 MM TRUPER;825;HERRAMIENTA MANUAL;13264;TRUPER 13264
COPA MANDO 1/2 6 PUNTAS 15 MM TRUPER;826;HERRAMIENTA MANUAL;13265;TRUPER 13265
COPA MANDO 1/2 6 PUNTAS 16 MM TRUPER;827;HERRAMIENTA MANUAL;13266;TRUPER 13266
COPA MANDO 1/2 6 PUNTAS 19 MM TRUPER;828;HERRAMIENTA MANUAL;13269;TRUPER 13269
COPA MANDO 1/2 6 PUNTAS 20 MM TRUPER;829;HERRAMIENTA MANUAL;13270;TRUPER 13270
COPA MANDO 1/2 6 PUNTAS 21 MM TRUPER;830;HERRAMIENTA MANUAL;13271;TRUPER 13271
COPA MANDO 1/2 6 PUNTAS 22 MM TRUPER;831;HERRAMIENTA MANUAL;13272;TRUPER 13272
COPA MANDO 1/2 6 PUNTAS 23 MM TRUPER;832;HERRAMIENTA MANUAL;13273;TRUPER 13273
COPA MANDO 1/2 6 PUNTAS 24 MM TRUPER;833;HERRAMIENTA MANUAL;13274;TRUPER 13274
COPA MANDO 1/2 6 PUNTAS 25 MM TRUPER;834;HERRAMIENTA MANUAL;14275;TRUPER 14275
"COPA LARGA MANDO 3/8 6 PUNTAS 5/8"" PARA BUJIAS TRUPER";835;HERRAMIENTA MANUAL;13655;TRUPER 13655
CORTA TUBO 18 MM TRUPER;850;HERRAMIENTA MANUAL;12853;TRUPER 12853
CORTA TUBO TIPO TIJERA 1 - 5/8 TRUPER;851;HERRAMIENTA MANUAL;12860;TRUPER 12860
CORTA VIDRIO 6 CUCHILLAS TRUPER;852;HERRAMIENTA MANUAL;12954;TRUPER 12954
"CRUCETAS PARA RUEDA 18"" TRUPER";856;HERRAMIENTA MANUAL;15480;TRUPER 15480
CUCHILLA BISTURI PEQUEï¿½A 9 MM 10 PIEZAS TRUPER;3319;HERRAMIENTA MANUAL;16962;TRUPER 16962
CUCHILLA BISTURI GRANDE 18 MM 10 PIEZAS TRUPER;3526;HERRAMIENTA MANUAL;16965;TRUPER 16965
DESTORNILLADOR INALAMBRICO BATERIA 3.6V TRUPER;3544;HERRAMIENTA ELECTRICA;17033;TRUPER 17033
"DISCO CORTE METAL 9"" X 5/64"" X 7/8"" TRUPER";914;ABRASIVOS Y CONSUMIBLES;11587;TRUPER 11587
"DISCO CORTE METAL 14"" X 1/8"" X 7/8"" PARA TRONZADORA TRUPER";922;ABRASIVOS Y CONSUMIBLES;11567;TRUPER 11567
"DISCO CORTE METAL 7"" X 5/64"" X 7/8"" TRUPER";923;ABRASIVOS Y CONSUMIBLES;10665;TRUPER 10665
"DISCO DESBASTE METAL 7"" X 1/4"" X 7/8"" TRUPER";930;ABRASIVOS Y CONSUMIBLES;12567;TRUPER 12567
"DISCO PIEDRA CORTE DIAMETRO 4"" X1/2"" TRUPER";3329;PARTES Y REPUESTOS;;
"DISCO PIEDRA CORTE DIAMETRO 7"" X1/8"" TRUPER";3330;PARTES Y REPUESTOS;11566;TRUPER 11566
ESCOBA METALICA 22 DIENTES CURVA TRUPER;1016;HERRAMIENTA MANUAL;14322;TRUPER 14322
"ESCUADRA CARPINTERO 10"" 25CM  TRUPER";1017;HERRAMIENTA MANUAL;14374;TRUPER 14374
"ESCUADRA CARPINTERO 8"" 20CM TRUPER";1018;HERRAMIENTA MANUAL;14372;TRUPER 14372
"ESCUADRA DE COMBINACION 12"" TRUPER";3541;HERRAMIENTA MANUAL;14380;TRUPER 14380
"ESPATULA PLASTICA 2"" TRUPER";1112;HERRAMIENTA MANUAL;14443;TRUPER 14443
"ESPATULA TAPIZADORA 8"" TRUPER";1123;HERRAMIENTA MANUAL;14459;TRUPER 14459
ESPEJO TESCOPICO DE INSPECCION TRUPER;3343;HERRAMIENTA MANUAL;14544;TRUPER 14544
"EXTENSION PARA RACHET 5"" MANDO 1/2 TRUPER";1143;HERRAMIENTA MANUAL;13416  Fabricada en acero al cromo vanadio.Acabado pulido espejo resistente a la oxidaciï¿½n y de fï¿½cil limpieza.Medida marcada para fï¿½cil identificaciï¿½n.;TRUPER 13416
"EXTENSION RATCHET 3/8 X 8"" TRUPER";3312;HERRAMIENTA MANUAL;13665;TRUPER 13665
FUMIGADOR 3L (0.8GAL) TRUPER;3597;HERRAMIENTA MANUAL;10835;TRUPER 10835
FUMIGADOR DOMESTICO 2 LTS TRUPER;3601;HERRAMIENTA MANUAL;10235;TRUPER 10235
GAFAS PARA SOLDAR TRUPER;1210;DOTACION INDUSTRIAL;14282;TRUPER 14282
SET 4 PIEZAS DE GANCHOS MULTIUSOS TRUPER;3341;HERRAMIENTA MANUAL;14210;TRUPER 14210
GRAPA COSEDORA PARA ET-21 5/16 TRUPER;3204;HERRAJES Y SOPORTES;17971;TRUPER 17971
GRASA MULTIUSO 450G TRUPER;1255;LUBRICANTES;12783;TRUPER 12783
"GRATA CIRCULAR ALAMBRE FINO 2"" TALADRO TRUPER";1256;ABRASIVOS Y CONSUMIBLES;11574;TRUPER 11574
"GRATA CIRCULAR ALAMBRE FINO 3"" TALADRO TRUPER";1257;ABRASIVOS Y CONSUMIBLES;11575;TRUPER 11575
"GRATA COPA ALAMBRE GRUESO 3/4"" TALADRO TRUPER";1258;ABRASIVOS Y CONSUMIBLES;11593;TRUPER 11593
"GRATA COPA ALAMBRE ONDULADO 3""X  5/8 TRUPER";1259;ABRASIVOS Y CONSUMIBLES;14182;TRUPER 14182
"GRATA COPA ALAMBRE ONDULADO 3""X 14 MM TRUPER";1260;HERRAMIENTA MANUAL;14180;TRUPER 14180
"GRATA COPA ALAMBRE ONDULADO 4""X 14 MM TRUPER";1261;HERRAMIENTA MANUAL;11532;TRUPER 11532
"GRATA COPA ALAMBRE TRENZADO 3""X 14 MM TRUPER";1263;HERRAMIENTA MANUAL;14184;TRUPER 14184
"GRATA COPA ALAMBRE TRENZADO 3""X 5/8 TRUPER";1264;HERRAMIENTA MANUAL;14186;TRUPER 14186
"GRATA COPA ALAMBRE TRENZADO 4""X 14 MM TRUPER";1265;HERRAMIENTA MANUAL;14185;TRUPER 14185
"GRATA COPA ALAMBRE TRENZADO 4""X 5/8 TRUPER";1266;HERRAMIENTA MANUAL;14187;TRUPER 14187
"GRATA ESMERIL ALAMBRE ONDULADO 6"" TRUPER";1268;HERRAMIENTA MANUAL;11520;TRUPER 11520
"GRATA PULIDORA ALAMBRE TRENZADO 4"" TRUPER";1269;ABRASIVOS Y CONSUMIBLES;17527;TRUPER 17527
HACHA CAZADORA 11/4LB MANGO HICKORY TRUPER;3591;HERRAMIENTA MANUAL;14950;TRUPER 14950
HILO PARA ALBAï¿½IL AMARILLO 165MT TRUPER;1298;CONSTRUCCION;14052;TRUPER 14052
JUEGO DE 121 PIEZAS MOTORTOOL TRUPER;3598;HERRAMIENTA MANUAL;100757;TRUPER 100757
JUEGO DE 10 LIMAS PARA JOYERO TRUPER;1349;HERRAMIENTA MANUAL;15239;TRUPER 15239
JUEGO DE 3 MINICEPILLOS GRATA TRUPER;1350;HERRAMIENTA MANUAL;10652;TRUPER 10652
JUEGO DE 3 PIEZAS SIERRAS PARA CERRADURA TRUPER;1351;HERRAMIENTA MANUAL;18080;TRUPER 18080
JUEGO DE 6 DESTORNILLADORES JOYERO CLASICOS TRUPER;1353;HERRAMIENTA MANUAL;21382;TRUPER 21382
JUEGO DE 7 LLAVES BRISTOL PULGADAS TIPO NAVAJA TRUPER;1354;HERRAMIENTA MANUAL;15560;TRUPER 15560
JUEGO DE 7 LLAVES BRISTOL ACERO AL CROMO MILIMETRICA TRUPER;3314;HERRAMIENTA MANUAL;15530;TRUPER 15530
JUEGO DE 7 LLAVES BRISTOL ACERO AL CROMO PULGADA TRUPER;3315;HERRAMIENTA MANUAL;15533;TRUPER 15533
JUEGO DE 6 BROCAS PARA MADERA TRUPER;1363;HERRAMIENTA MANUAL;11337;TRUPER 11337
JUEGO DE 8 BROCAS PARA MADERA TRUPER;1894;ABRASIVOS Y CONSUMIBLES;11338;TRUPER 11338
JUEGO DE 7 LLAVES TORX CORTAS CON ORGANIZADOR TRUPER;1367;HERRAMIENTA MANUAL;15552;TRUPER 15552
JUEGO DE 7 LLAVES TORX LARGAS CON ORGANIZADOR TRUPER;1368;HERRAMIENTA MANUAL;15553;TRUPER 15553
JUEGO DE 10 PUNTAS EN PIEDRA MONTADAS TRUPER;1371;HERRAMIENTA MANUAL;12445;TRUPER 12445
JUEGO DE 5 SEGUETAS PARA CALADORA METAL TRUPER;3317;HERRAMIENTA ELECTRICA;18139;TRUPER 18139
"JUEGO DE 16 SEGUETAS PARA CALADORA ""T"" TRUPER";1373;HERRAMIENTA MANUAL;16705;TRUPER 16705
"JUEGO DE 16 SEGUETAS PARA CALADORA ""U"" TRUPER";1375;HERRAMIENTA MANUAL;16129;TRUPER 16129
JUEGO DE 3 CEPILLOS PARA TALADRO TRUPER;3592;HERRAMIENTA ELECTRICA;28152;TRUPER 28152
JUEGO DE 32 DESTORNILLADORES PARA JOYERO TRUPER;3324;HERRAMIENTA MANUAL;14162;TRUPER 14162
LIJADORA ORBITAL 1/4 HOJA 200 W PROFESIONAL TRUPER;1577;HERRAMIENTA ELECTRICA;23999;TRUPER 23999
"LIMA 1/2 CAï¿½A BASTARDA 6"" MANGO TRUPER";1444;HERRAMIENTA MANUAL;15317;TRUPER 15317
LIMA PARA JOYERO UNIDAD TRUPER;1445;HERRAMIENTA MANUAL;15239;TRUPER 15239
"LIMA PLANA BASTARDA 6"" MANGO TRUPER";1446;HERRAMIENTA MANUAL;15309;TRUPER 15309
"LIMA REDONDA BASTARDA 6"" MANGO TRUPER";1447;HERRAMIENTA MANUAL;15315;TRUPER 15315
"LIMA TRIANGULAR PESADA 6"" MANGO TRUPER";1448;HERRAMIENTA MANUAL;15307;TRUPER 15307
LLAVE PARA PLOMERO TRUPER;3337;HERRAMIENTA MANUAL;12874;TRUPER 12874
LUBRICANTE AFLOJATODO 110 ML TRUPER;1530;LUBRICANTES;13468;TRUPER 13468
LUBRICANTE AFLOJATODO 235 ML TRUPER;1531;LUBRICANTES;13469;TRUPER 13469
MACETA OCTOGONAL 4 LB TRUPER;1532;HERRAMIENTA MANUAL;16508;TRUPER 16508
MACETA OCTOGONAL 2 LB TRUPER;1533;HERRAMIENTA MANUAL;16506;TRUPER 16506
MACHOS SEMICONICOS 1/4 TRUPER;1538;HERRAMIENTA MANUAL;11405;TRUPER 11405
MACHOS SEMICONICOS 1/8 TRUPER;1539;HERRAMIENTA MANUAL;11415;TRUPER 11415
MACHOS SEMICONICOS 3/16 TRUPER;1540;HERRAMIENTA MANUAL;11403;TRUPER 11403
MACHOS SEMICONICOS 3/8 TRUPER;1541;HERRAMIENTA MANUAL;11409;TRUPER 11409
MACHOS SEMICONICOS 5/16 TRUPER;1542;HERRAMIENTA MANUAL;11407;TRUPER 11407
MACHOS SEMICONICOS 5/32 TRUPER;1543;HERRAMIENTA MANUAL;11417;TRUPER 11417
MACHOS SEMICONICOS 7/16 TRUPER;3334;HERRAMIENTA MANUAL;11411;TRUPER 11411
"MANGUERA TIPO RESORTE 1/4"" TRUPER";1553;HERRAMIENTA MANUAL;19075;TRUPER 19075
BOMBA PARA INFLAR BICICLETA MINI 85PSI TRUPER;1646;HERRAMIENTA MANUAL;11997;TRUPER 11997
MONOGAFAS DE SEGURIDAD AJUSTABLE NEGRA TRUPER;3384;DOTACION INDUSTRIAL;14213;TRUPER 14213
MOTOR TOOL Y KIT DE 97 ACCESORIOS TRUPER;1657;HERRAMIENTA MANUAL;17449;TRUPER 17449
MULTITESTER DIGITAL ESCOLAR TRUPER;1660;ELECTRICOS;10400  Instrumento de mediciï¿½n con cuerpo de ABS.Escala de circuito integrado con convertidor (alterna / directa) doble integrado como centro y protecciï¿½n contra sobrecargas.Funciones Prueba de diodo, transistor y continuidad audible.Uso escolar.;TRUPER 10400
MULTITESTER DIGITAL PRORESIONAL AUTOMOTRIZ TRUPER;1661;ELECTRICOS;10403Instrumento de mediciï¿½n con cuerpo de ABS.Escala de circuito integrado con convertidor (alterna / directa) doble integrado como centro y protecciï¿½n contra sobrecargas.Funciones Prueba de diodo, continuidad audible, retenciï¿½n de datos (HOLD), true RMS y apagado automï¿½tico (APO)Uso automotriz.;TRUPER 10403
MULTITESTER DIGITAL TRUPER;1662;ELECTRICOS;10401Instrumento de mediciï¿½n con cuerpo de ABS.Escala de circuito integrado con convertidor (alterna / directa) doble integrado como centro y protecciï¿½n contra sobrecargas.Funciones Prueba de diodo, transistor, continuidad audible y retenciï¿½n de datos (HOLD).Uso bï¿½sico.;TRUPER 10401
PALA JARDINERA CUADRADA TRUPER;3529;HERRAMIENTA MANUAL;17194;TRUPER 17194
PALA CABEZA CUADRADA N2 TRUPER;1741;HERRAMIENTA MANUAL;19687;TRUPER 19687
PALA CABEZA REDONDA N2 TRUPER;1742;HERRAMIENTA MANUAL;10601;TRUPER 10601
PALA JARDINERA REDONDA TRUPER;3528;HERRAMIENTA MANUAL;17193;TRUPER 17193
PALADRAGA ATLAS MANGO MADERA 45 TRUPER;1743;HERRAMIENTA MANUAL;11973;TRUPER 11973
PALIN HOYADOR TRUPER;1744;HERRAMIENTA MANUAL;11380;TRUPER 11380
"PIEDRA PARA AFILAR 1"" TRUPER";1792;ABRASIVOS Y CONSUMIBLES;11667;TRUPER 11667
PINZAS PARA TIERRA 300 A TRUPER;1835;HERRAMIENTA MANUAL;14234;TRUPER 14234
PINZAS PARA TIERRA 500 A TRUPER;1837;HERRAMIENTA MANUAL;14235;TRUPER 14235
PINZAS PORTA ELECTRODO 300 A TRUPER;1839;HERRAMIENTA MANUAL;14232;TRUPER 14232
PINZAS PORTA ELECTRODO 500 A TRUPER;1841;HERRAMIENTA MANUAL;14233;TRUPER 14233
PISTOLA DE CALOR PROFESIONAL 1500 W TRUPER;3461;HERRAMIENTA ELECTRICA;17279;TRUPER 17279
"PISTOLA DE SILICONA 4"" X 1/2"" TRUPER";1849;HERRAMIENTA ELECTRICA;17536;TRUPER 17536
"PISTOLA DE SILICONA 4"" X 5/16 TRUPER";1850;HERRAMIENTA ELECTRICA;17535;TRUPER 17535
PISTOLA PARA PINTAR BAJA PRESION NARANJA TRUPER;1852;HERRAMIENTA MANUAL;19510;TRUPER 19510
PISTOLA PLASTICA RIEGO 2 FUNCIONES TRUPER;1858;GRIFERIA;18480;TRUPER 18480
PISTOLA RETOQUE GRAVEDAD VASO ALUMINIO 0.5MM TRUPER;1855;HERRAMIENTA MANUAL;11098;TRUPER 11098
CARETA PROTECTOR FACIAL TRUPER;3344;DOTACION INDUSTRIAL;14221;TRUPER 14221
"PULIDORA ANGULAR 4-1/2"" PROFESIONAL 800 W TRUPER";1923;HERRAMIENTA ELECTRICA;18156 - 16683;TRUPER 18156 16683
"RATCHET TRIPLE MANDO 1/4""- 3/8""- 1/2"" TRUPER";1961;HERRAMIENTA MANUAL;13649;TRUPER 13649
REGLETA CALIBRADOR DE TUERCAS Y TORNILLOS 22CM TRUPER;3462;HERRAMIENTA MANUAL;10811;TRUPER 10811
REMACHADORA DE FUELLE TRUPER;1292;HERRAMIENTA MANUAL;17962;TRUPER 17962
REPUESTO PARA CARETA FACIAL PF-500 TRUPER;2085;DOTACION INDUSTRIAL;14222;TRUPER 14222
"RUEDA FLAP 1"" GRANO 80 TRUPER";2126;HERRAMIENTA MANUAL;13034;TRUPER 13034
"RUEDA FLAP 2"" GRANO 80 TRUPER";2127;HERRAMIENTA MANUAL;13038;TRUPER 13038
"RUEDA FLAP 3"" GRANO 80 TRUPER";2128;HERRAMIENTA MANUAL;13042;TRUPER 13042
SEGUETA BIMETALICA 18 DPP TRUPER;2131;HERRAMIENTA MANUAL;18100;TRUPER 18100
SEGUETA CALADORA EN U UNIDAD TRUPER;1376;HERRAMIENTA MANUAL;16129;TRUPER 16129
SEGUETA CALADORAS EN T UNIDAD TRUPER;1374;HERRAMIENTA MANUAL;16705;TRUPER 16705
SELLADOR TRANSPARENTE 85 GR TRUPER;3428;PEGANTES;18567;TRUPER 18567
"SERRUCHO TIPO MARQUETERO 10"" TRUPER";3690;HERRAMIENTA MANUAL;18164;TRUPER 18164
"SIERRA COPA BIMETALICA 1 1/2"" MANDRIL 7/16 TRUPER";2166;ABRASIVOS Y CONSUMIBLES;18094;TRUPER 18094
"SIERRA COPA BIMETALICA 1"" MANDRIL 3/8 TRUPER";2165;ABRASIVOS Y CONSUMIBLES;18088;TRUPER 18088
SILICONA ALTA TEMPERATURA NEGRO 85G TRUPER;2196;PEGANTES;17567;TRUPER 17567
SILICONA ALTA TEMPERATURA ROJO 85 G TRUPER;2197;PEGANTES;17566;TRUPER 17566
SILICONA BLANCA BAï¿½O/COCINA 85 G TRUPER;2199;PEGANTES;18567;TRUPER 18567
SILICONA TRANSPARENTE BAï¿½O/COCINA 280 ML TRUPER;2213;PEGANTES;18565;TRUPER 18565
SILICONA TRANSPARENTE BAï¿½O/COCINA 85 G TRUPER;2198;PEGANTES;18568;TRUPER 18568
"SOLDADURA ELECTRICA 6011 1/8"" 1K TRUPER";2245;ABRASIVOS Y CONSUMIBLES;15460;TRUPER 15460
"SOLDADURA ELECTRICA 6011 1/8"" 1V TRUPER";2246;ABRASIVOS Y CONSUMIBLES;15460;TRUPER 15460
"SOLDADURA ELECTRICA 6011 1/8"" 5K TRUPER";2247;ABRASIVOS Y CONSUMIBLES;15460;TRUPER 15460
"SOLDADURA ELECTRICA 6013 1/8"" 1V TRUPER";2249;ABRASIVOS Y CONSUMIBLES;14361;TRUPER 14361
"SOLDADURA ELECTRICA 6013 1/8"" 5K TRUPER";2250;ABRASIVOS Y CONSUMIBLES;14361;TRUPER 14361
"SOLDADURA ELECTRICA 6013 3/32"" 1V TRUPER";2252;ABRASIVOS Y CONSUMIBLES;14360;TRUPER 14360
"SOLDADURA ELECTRICA 6013 3/32"" 5K TRUPER";2253;ABRASIVOS Y CONSUMIBLES;14360;TRUPER 14360
"SOLDADURA ELECTRICA 7018 1/8"" 1K TRUPER";2254;ABRASIVOS Y CONSUMIBLES;14363;TRUPER 14363
"SOLDADURA ELECTRICA 7018 1/8"" 1V TRUPER";2255;ABRASIVOS Y CONSUMIBLES;14363;TRUPER 14363
"SOLDADURA ELECTRICA 7018 1/8"" 5K TRUPER";2256;ABRASIVOS Y CONSUMIBLES;14363;TRUPER 14363
SONDA DE NYLON CABLEAR 10 MT TRUPER;2279;GRIFERIA;17755;TRUPER 17755
TALADRO 3/8 PROFESIONAL 380W TRUPER;3215;HERRAMIENTA ELECTRICA;16736;TRUPER 16736
"TALADRO PERCUTOR 1/2"" PRO 600W TRUPER";2347;HERRAMIENTA ELECTRICA;15679;TRUPER 15679
TALADRO PERCUTOR ELECTRO NEUMATICO INDUSTRIAL TRUPER;2348;HERRAMIENTA ELECTRICA;16762;TRUPER 16762
"TALADRO PERCUTOR INDUSTRIAL 1/2"" 900 W TRUPER";2349;HERRAMIENTA ELECTRICA;19324Motor de 900 W, montado sobre baleros de bolas para mayor vida ï¿½til y mejor desempeï¿½o.Caja de aluminio, doble engranaje con 2 velocidades mecï¿½nicas para alta resistencia de uso.Selector de funciï¿½n taladro o rotomartillo, con velocidad variable reversible.Mango auxiliar antiderrapante con giro de 360;TRUPER 19324 900 2 360
TAPON DE OIDO ESPUMA POLIURETANO TRUPER;2379;DOTACION INDUSTRIAL;14223;TRUPER 14223
TESTER 14 CM TIPO ESFERO TRUPER;2444;ELECTRICOS;13988Ideal para circuitos de corriente alterna de 100-500 V.Punta de acero al cromo vanadio.Mango de acrï¿½lico transparente con indicador de luz.Clip tipo pluma para portar en el bolsillo.Funciona al tocar.;TRUPER 13988 100 500
TESTER 19 CM TRUPER;2445;ELECTRICOS;13989Ideal para circuitos de corriente alterna 100-500 V.Punta de acero al cromo vanadio.Mango acrï¿½lico transparente, aislado para mayor seguridad con indicador de luz.Clip tipo pluma para portar en el bolsillo.Funciona al tocar.;TRUPER 13989 100 500
TESTER DIGITAL DE TENSION TRUPER;2447;ELECTRICOS;18333Mediciï¿½n individual de C.A. / C.C. 12 - 36 - 55 - 110 - 220 V.Cuerpo fabricado en ABS.Punta tipo desarmadorCon clip tipo pluma para llevar en el bolsillo.Funciona al tocar.;TRUPER 18333 12 36 55 110 220
"TIJERA PARA SASTRE 8"" TRUPER";3593;HERRAMIENTA MANUAL;18550;TRUPER 18550
"GRATA COPA 4"" ALAMBRE TRENZADO MULTI-ROSCA TRUPER";3711;ABRASIVOS Y CONSUMIBLES;100852;TRUPER 100852
MULTIHERRAMIENTA 6 FUNCIONES TIPO LLAVERO TRUPER;3712;HOGAR Y COCINA;13336;TRUPER 13336
"FALSA ESCUADRA 8"" DE ACERO INOX MANGO ABS TRUPER";3713;HERRAMIENTA MANUAL;14382;TRUPER 14382
"SIERRA COPA BIMETALICA 31/2"" TRUPER";3714;ABRASIVOS Y CONSUMIBLES;14717;TRUPER 14717
"SIERRA COPA BIMETALICA 21/4"" TRUPER";3717;ABRASIVOS Y CONSUMIBLES;18099;TRUPER 18099
"SIERRA COPA BIMETALICA 23/4"" TRUPER";3718;ABRASIVOS Y CONSUMIBLES;18120;TRUPER 18120
"ZAPAPICO MADERA 5 LB 36"" TRUPER";3164;HERRAMIENTA MANUAL;18647;TRUPER 18647
JUEGO DE 4 SIERRA COPAS BIMETALICA CON MANDRIL TRUPER;3738;ABRASIVOS Y CONSUMIBLES;100815;TRUPER 100815
PISTOLA DE SOLDAR 140W 2Tï¿½ TRUPER;3744;HERRAMIENTA ELECTRICA;17548;TRUPER 17548
"GRATA TRENZADA PARA PULIDORA 6"" TRUPER";3858;HERRAMIENTA MANUAL;11597;TRUPER 11597
ESPUMA EXPANSIVA 750ML TRUPER;3862;CONSTRUCCION;15305;TRUPER 15305
ESPUMA EXPANSIVA 300ML TRUPER;3863;CONSTRUCCION;10919;TRUPER 10919
MANGUERA COMPRESOR 1/4 300 PSI TRUPER;3912;TUBERIAS Y ACCESORIOS;19013;TRUPER 19013
LLANA LISA MANGO DE MADERA 6 REMACHES TRUPER;3926;HERRAMIENTA MANUAL;15406;TRUPER 15406
LLANA DENTADA MANGO DE MADERA 6 REMACHES TRUPER;3927;HERRAMIENTA MANUAL;15410;TRUPER 15410
CRAYONES EN BLISTER X 2 12CM INDUSTRIALES TRUPER;3931;HERRAMIENTA MANUAL;101687;TRUPER 101687
CARETA PARA SOLDAR ELCTRONICA TRUPER;3935;DOTACION INDUSTRIAL;29978;TRUPER 29978
GRASA BLANCA DE LITIO AEROSOL 295ML TRUPER;3959;LUBRICANTES;101974;TRUPER 101974
LUBRICANTE DE CADENAS AEROSOL 400ML TRUPER;3960;LUBRICANTES;101975;TRUPER 101975
"JUEGO DE 7 PUNTAS TORX COMBINADAS 1"" TRUPER";3962;HERRAMIENTA MANUAL;17795;TRUPER 17795
"JUEGO DE 7 PUNTAS TORX CON SEGURO 2"" TRUPER";3963;HERRAMIENTA MANUAL;17813;TRUPER 17813
JUEGO DE 3 ADAPTADORES EXTENSION COPAS 1/4, 3/8, 1/2 TRUPER;3964;HERRAMIENTA MANUAL;10752;TRUPER 10752
LUBRICANTE SECO PTFE SPRAY 240 ML TRUPER;3991;LUBRICANTES;101977;TRUPER 101977
GAVETA APILABLE DE PLASTICO N2 17X11X8CM TRUPER;4006;HERRAJES Y SOPORTES;10889;TRUPER 10889
GAVETA APILABLE DE PLASTICO N3 25X17X11CM TRUPER;4007;HERRAJES Y SOPORTES;10890;TRUPER 10890
ORGANIZADOR CON 64 GAVETAS TRUPER;4008;HERRAJES Y SOPORTES;10895;TRUPER 10895
"MANDRIL ZANCO 3/8"" PARA SIERRA COPA BIMETALICA TRUPER";4009;HERRAMIENTA MANUAL;18122;TRUPER 18122
"MANDRIL ZANCO 7/16"" PARA SIERRA COPA BIMETALICA TRUPER";4010;HERRAMIENTA MANUAL;18123;TRUPER 18123
"SIERRA COPA BIMETALICA 1 3/4"" TRUPER";4011;ABRASIVOS Y CONSUMIBLES;18096;TRUPER 18096
PUNTAS PARA CAUTIN TIPO PISTOLA X2 TRUPER;4017;ABRASIVOS Y CONSUMIBLES;17555;TRUPER 17555
"PIEDRA PARA ESMERIL 5 X 3/4"" GRANO 36 TRUPER";4021;ABRASIVOS Y CONSUMIBLES;16358;TRUPER 16358
"BROCA PARA MADERA 3/16"" TRUPER";4035;ABRASIVOS Y CONSUMIBLES;101629;TRUPER 101629
"BROCA PARA MADERA 1/4"" TRUPER";4036;ABRASIVOS Y CONSUMIBLES;101691;TRUPER 101691
SELLADOR DE POLIURETANO 280ML GRIS TRUPER;4072;PINTURAS Y DISOLVENTES;12905;TRUPER 12905
LIJADORA MANUAL DE BASE ALUMINIO 8X24 CM TRUPER;4080;HERRAMIENTA MANUAL;100436;TRUPER 100436
"HOMBRESOLO DE CAENA 8"" TRUPER";4084;HERRAMIENTA MANUAL;17438;TRUPER 17438
"HOMBRESOLO GIRATORIO TIPO C 9"" TRUPER";4085;HERRAMIENTA MANUAL;17414;TRUPER 17414
"HOMBRESOLO DE SOLDADOR 9"" TRUPER";4086;HERRAMIENTA MANUAL;17426;TRUPER 17426
"HOMBRESOLO HOJALATERO 8"" TRUPER";4087;HERRAMIENTA MANUAL;17425;TRUPER 17425
"HOMBRESOLO DE PUNTA LARGA 9"" TRUPER";4088;HERRAMIENTA MANUAL;17433;TRUPER 17433
PISTOLA PARA LIMPIEZA DE MAQUINAS TOSCA 1/4 TRUPER;4089;HERRAMIENTA MANUAL;19237;TRUPER 19237
BORNES DE LATON PARA BATERIA 2 PIEZAS TRUPER;4090;PARTES Y REPUESTOS;23042;TRUPER 23042
JUEGO DE 2 ESLINGAS REATA CON RATCHET 1500 KG TRUPER;4099;HERRAMIENTA MANUAL;101831;TRUPER 101831
"ESMERIL DE BANCO 5"" DE 1/4 HP TRUPER";4100;HERRAMIENTA ELECTRICA;12784;TRUPER 12784
VIDRIO TRANSPARENTE REDONDO 50MM TRUPER;4138;ABRASIVOS Y CONSUMIBLES;14280;TRUPER 14280
"GRATA COPA  ALAMBRE TRENZADO 3"" MULTI-ROSCA TRUPER";4145;HERRAMIENTA MANUAL;100851;TRUPER 100851
"GRATA COPA  ALAMBRE ONDULADO 3"" MULTI-ROSCA TRUPER";4146;HERRAMIENTA MANUAL;100857;TRUPER 100857
CINTA METRICA 30M METALICA TRUPER;4147;HERRAMIENTA MANUAL;12648;TRUPER 12648
ACOPLE RAPIDO MANGUERA-ACC TRUPER;4148;GRIFERIA;12722;TRUPER 12722
ACOPLE RAPIDO MACHO ABS TRUPER;4149;GRIFERIA;12726;TRUPER 12726
ACOPLE RAPIDO HEMBRA ABS TRUPER;4150;GRIFERIA;12727;TRUPER 12727
COPA MANDO 1/2 6 PUNTAS 10 MM TRUPER;4151;HERRAMIENTA MANUAL;13260;TRUPER 13260
"GRAPADORA TIPO PISTOLA 5/16"" TRUPER";4154;HERRAMIENTA MANUAL;17963;TRUPER 17963
COPA MANDO 3/8 6 PUNTAS 6 MM TRUPER;4157;HERRAMIENTA MANUAL;13670;TRUPER 13670
COPA MANDO 3/8 6 PUNTAS 7 MM TRUPER;4158;HERRAMIENTA MANUAL;13671;TRUPER 13671
COPA MANDO 3/8 6 PUNTAS 8 MM TRUPER;4159;HERRAMIENTA MANUAL;13672;TRUPER 13672
COPA MANDO 3/8 6 PUNTAS 9 MM TRUPER;4160;HERRAMIENTA MANUAL;13673;TRUPER 13673
"LIMA PLANA BASTARDA 4"" TRUPER";4161;HERRAMIENTA MANUAL;15138;TRUPER 15138
"LIMA REDONDA BASTARDA 4"" TRUPER";4162;HERRAMIENTA MANUAL;15185;TRUPER 15185
EXTENSION ADAPTADOR ARTICULADO 1/4 MAGNETICO TRUPER;4185;HERRAMIENTA MANUAL;11875;TRUPER 11875
SOLDADURA 95/5 PARA TUBERIA DE GAS 45G 1MT TRUPER;4186;PEGANTES;14367;TRUPER 14367
SOLDADURA 95/5 PARA TUBERIA DE GAS 45G ROLLO X8MT TRUPER;4187;PEGANTES;14367;TRUPER 14367
"CINCEL DE CORTE FRIO 3/4 x 10"" TRUPER";4244;HERRAMIENTA MANUAL;12145;TRUPER 12145
"CINTA ENMASCARAR 1/2"" X 50M TRUPER";4265;PEGANTES;12589;TRUPER 12589
"CINTA ENMASCARAR 11/2"" X 50M TRUPER";4266;PEGANTES;12592;TRUPER 12592
"CINTA ENMASCARAR AZUL PARA PINTORES 1/2"" TRUPER";4267;PEGANTES;12620;TRUPER 12620
"EXTENSION PARA RACHET 2 1/2"" MANDO 1/2 TRUPER";4274;HERRAMIENTA MANUAL;13414;TRUPER 13414
"EXTENSION PARA RACHET 3"" MANDO 3/8 TRUPER";4275;HERRAMIENTA MANUAL;13663;TRUPER 13663
"EXTENSION PARA RACHET 6"" MANDO 3/8 TRUPER";4276;HERRAMIENTA MANUAL;13916;TRUPER 13916
CUCHILLA PARA BISTURI 25 MM 10 PIEZAS TRUPER;4294;HERRAMIENTA MANUAL;17903;TRUPER 17903
BISTURI 25 MM REFORZADO PLASTICO CON ALMA METALICA TRUPER;4297;HERRAMIENTA MANUAL;17904;TRUPER 17904
CUCHILLA PARA BISTURI SK4 5 PIEZAS TRUPER;4298;HERRAMIENTA MANUAL;16953;TRUPER 16953
"CINTA ENMASCARAR 2"" X 50M TRUPER";4300;PEGANTES;12593;TRUPER 12593
JUEGO DE LLAVES BRISTOL EXTRALARGAS METRICAS 7 PIEZAS TRUPER;4302;HERRAMIENTA MANUAL;15548;TRUPER 15548
"GRATA COPA 4"" ALAMBRE ONDULADO MULTI-ROSCA TRUPER";4306;ABRASIVOS Y CONSUMIBLES;100858;TRUPER 100858
"ALICATE PONCHADORA 8"" PARA RJ45 8 HILOS TRUPER";4428;HERRAMIENTA MANUAL;18342;TRUPER 18342
ESCALERA TIPO TIJERA 7 PELDAï¿½OS BANDEJA TRUPER;4483;HERRAMIENTA MANUAL;10337;TRUPER 10337
ASPIRADORA DE SOLIDOS Y LIQUIDOS G GL TRUPER;4501;HERRAMIENTA ELECTRICA;12092;TRUPER 12092
"LLAVE DE TUBO 36"" TRUPER";4506;HERRAMIENTA MANUAL;15841;TRUPER 15841
TAPA OIDOS COPA TRUPER;4505;DOTACION INDUSTRIAL;14257;TRUPER 14257
JUEGO DE LLAVES BRISTOL EXTRALARGAS PULGDAS 7 PIEZAS TRUPER;4538;HERRAMIENTA MANUAL;15551;TRUPER 15551
"CINTA ENMASCARAR 1"" X 50M TRUPER";4542;PEGANTES;12591;TRUPER 12591
"SERRUCHO DE PODA 12"" HOJA CURVA 6DPP TRUPER";4666;HERRAMIENTA MANUAL;18171Hoja curva para cortes rï¿½pidos, fabricada en acero SK5 resistente al desgasteDientes con dureza de 50 - 64 HRc, con triple filo para cortes mï¿½s rï¿½pidos que los dientes comercialesMangos de madera, ergonï¿½micos.;TRUPER 18171 5 50 64
CINTA ANTIDESLIZANTE 25MM X 5M TRUPER;4674;CONSTRUCCION;12542;TRUPER 12542
"BROCA CONCRETO 1/2 X 6"" TRUPER";4675;ABRASIVOS Y CONSUMIBLES;11230;TRUPER 11230
JUEGO DE 2 ESLINGAS REATA CON RATCHET CARGA 400KG TRUPER;4681;HERRAMIENTA MANUAL;101739;TRUPER 101739
FUNDA DE CARNAZA PARA TIJERAS TRUPER;4696;HOGAR Y COCINA;17334;TRUPER 17334
FILTRO DE GASOLINA MOTOBOMBA TRUPER;4710;PARTES Y REPUESTOS;101139;TRUPER 101139
"SOLDADURA ELECTRICA 7018 3/32"" 1K TRUPER";4711;ABRASIVOS Y CONSUMIBLES;101535;TRUPER 101535
"SOLDADURA ELECTRICA 7018 3/32"" 5K TRUPER";4712;ABRASIVOS Y CONSUMIBLES;101535;TRUPER 101535
TAPA BOCAS PARA POLVO CONCHA TRUPER;4713;DOTACION INDUSTRIAL;14250;TRUPER 14250
"ESCUADRA CARPINTERO 12"" 30CM TRUPER";4714;HERRAMIENTA MANUAL;14376;TRUPER 14376
"JUEGO DE 5 SEGUETAS PARA CALADORA ""T"" CORTE MADERA TRUPER";4726;HERRAMIENTA MANUAL;18126;TRUPER 18126
"JUEGO DE 5 SEGUETAS PARA CALADORA ""T"" CORTE METAL TRUPER";4727;HERRAMIENTA MANUAL;18132;TRUPER 18132
"JUEGO DE 5 SEGUETAS PARA CALADORA ""U"" CORTE MADERA TRUPER";4728;HERRAMIENTA MANUAL;18137;TRUPER 18137
"JUEGO DE 2 SEGUETAS PARA SIERRA SABLE 6"" BIMETALICA TRUPER";4730;HERRAMIENTA MANUAL;10796;TRUPER 10796
JUEGO DE ACCESORIOS DE PISTOLA PARA PINTAR  TRUPER;4729;PARTES Y REPUESTOS;19511;TRUPER 19511
"ALICATE PARA ANILLOS 6"" CABEZAS INTERCAMBIABLES TRUPER";4738;HERRAMIENTA MANUAL;17355;TRUPER 17355
ALICATE PUNTA PUNTA 90ï¿½ PARA CERRAR ANILLOS TRUPER;4739;HERRAMIENTA MANUAL;17362;TRUPER 17362
"COPA MAGNETICA 5/16 LARGO 2"" TRUPER";4755;HERRAMIENTA MANUAL;12942;TRUPER 12942
BISTURI 18MM TRABAJO PESADO ALMA METAL GRIP EXPERT TRUPER;4763;;16976;TRUPER 16976
LLANA DENTADA MANGO DE PLASTICO 6 REMACHES TRUPER;4816;;15413;TRUPER 15413
"CAJA PARA PESCA 16"" CON 3 BANDEJAS DESLIZABLES TRUPER";4835;HERRAMIENTA MANUAL;10539;TRUPER 10539
JUEGO DE 6 FRESAS PARA ROUTER TRUPER;4841;;11359;TRUPER 11359
"FRESA PARA ROUTER RECTA 2 FILOS DE 1/4"" TRUPER";4842;;11452;TRUPER 11452
"FRESA PARA ROUTER REDONDEADA DE 1"" TRUPER";4843;;11469;TRUPER 11469
BROCA ESCALONADA OXIDO NEGRO 13 ESCALONES 1/8 A 1/2 TRUPER;4844;;12122;TRUPER 12122
"PUNTA ESTRELLA N 1 LARGO 2"" UNIDAD TRUPER";4845;;12146;TRUPER 12146
"PUNTA ESTRELLA N 3 LARGO 2"" UNIDAD TRUPER";4846;;12149;TRUPER 12149
"COPA MAGNETICA 7/16 LARGO 21/2"" TRUPER";4847;;12943;TRUPER 12943
"COPA MAGNETICA 12MM LARGO 21/2"" TRUPER";4848;;12955;TRUPER 12955
ACEITE SINTETICO PARA MOTOR 2 TIEMPOS 60ML TRUPER;4849;;14991;TRUPER 14991
BOQUILLA PARA SOLDADURAS TRUPER;4850;;14115;TRUPER 14115
"EXTENSION PARA RACHET 8"" MANDO 1/2 TRUPER";4983;HERRAMIENTA MANUAL;13917;TRUPER 13917
"BROCA ESPADA PARA MADERA 7/16"" TRUPER";5010;CERRAJERIA Y SEGURIDAD;11369;TRUPER 11369
BOLSA REUTILIZABLE TRUPER;5019;HOGAR Y COCINA;65013;TRUPER 65013
"COPA MAGNETICA 3/8 LARGO 21/2"" TRUPER";5044;TORNILLERIA;;
"COPA MANDO 1/2 6 PUNTAS 11/16"" TRUPER";5045;HERRAMIENTA MANUAL;;
"COPA DIAMANTADA CONTINO 11/2"" TRUPER";5046;ABRASIVOS Y CONSUMIBLES;;
MINI SOLDADOR INVERSOR 100A 127V TRUPER;5047;ELECTRICOS;;
"COPA MAGNETICA 8MM LARGO 21/2"" TRUPER";5063;HERRAMIENTA MANUAL;;
